Actual,Linear_Regression_Prediction,Decision_Tree_Prediction,Random_Forest_Prediction
2.1,1.803306035,2.9,3.342
4.1,3.182916683,3.1,3.052
3.2,2.511461026,2.5,2.94
4.4,2.560379957,3.8,3.7
3.5,1.927082278,3.1,3.067
0,1.926931674,0,0
3.2,2.573559165,2.8,2.993
0,1.885558422,0,0
3.6,2.690769396,3.5,3.438
4,3.062326451,3.3,3.124
3.9,2.700149513,2.5,3.073
0,1.773296855,0,0
4.2,3.216747063,3.9,3.488
0,1.743756623,0,0
2.6,2.383228863,3.1,2.992
2.8,2.52529635,2.7,2.905
4.1,4.759906998,3.9,4.056
3.6,2.819081933,3.6,3
0,1.902717026,0,0
0,1.849281452,0,0
2.7,2.811366629,2.5,3.153
3.6,3.661608369,3.6,3.653
4.2,3.475885607,3.9,3.802
3.4,2.432319672,3.2,3.098
4.3,3.2957281,4.3,4.254
3.3,1.889464051,3.1,3.26
3.3,2.720107295,3.5,3.168
0,1.713588889,0,0
3.5,3.166612965,2.6,3.127
3,2.441954333,3.4,2.994
2.8,2.545448671,3.3,3.118
2.9,2.026440886,3.2,3.026
3,3.71129089,2.7,2.975
0,2.109584488,0,0
3.2,3.115046658,3.4,3.298
3.6,1.687723992,2.9,3.387
4.5,4.47106358,4.9,4.434
3,2.91470225,2.7,2.88
3,3.150770149,3.1,2.909
4,3.842128497,3.7,3.66
0,1.772336902,0,0
0,1.773774385,0,0
3.4,1.95658465,3.8,3.416
0,1.902222017,0,0
0,1.888251846,0,0
0,1.900715871,0,0
3.1,2.314126603,3.5,3.064
3.1,1.87391139,3.1,3.041
3.4,2.53784573,3.5,3.354
0,1.805661594,0,0
4.6,3.794366402,4.8,4.251
2.8,3.361987236,3.7,3.318
3.3,2.03834616,2.5,3.249
3.4,3.058550749,2.8,3.029
0,1.779076065,0,0
0,2.031102329,0,0
3.3,3.322818159,3.5,3.512
0,1.976972145,0,0
3.6,1.910818753,4.1,3.931
3.8,3.196020321,4.1,3.708
2.7,3.08449883,3.2,3.275
3.1,2.489737418,3.1,3.431
3.8,1.93939139,3.8,3.698
3.9,2.514774934,3.2,3.348
3.1,2.501818251,3,3.029
3.2,2.970730481,3,3.18
3.6,2.488948508,2.8,2.969
3.2,1.864872407,2.8,3.089
0,1.844885155,0,0
0,1.880981114,0,0
3.3,3.153869698,3.7,3.365
2.7,2.783283243,3.5,3.12
3.3,3.209493855,2.2,3.241
0,1.924702818,0,0
0,1.769101382,0,0
3.8,3.891707939,3.1,3.183
0,1.715927483,0,0
4,3.094010607,3.9,3.901
3.8,1.764135477,3.6,3.403
3.8,3.041578881,2.8,3.664
3.3,2.517355547,3.4,3.224
2.4,2.580259693,3.4,3.166
3.7,1.970243959,3.6,3.651
4.9,3.7215164,4.8,4.372
3.2,1.950346423,2.8,2.955
3.5,2.585211065,3.8,3.22
3.6,1.911364917,3,3.058
0,1.744980754,0,0
3.4,3.48489959,4.4,3.72
4.3,2.668678489,3.8,3.858
3.2,2.132233263,3.3,2.865
0,2.522835369,0,0
2.7,2.966468766,3.4,2.982
2.9,1.765201943,3,2.93
4.1,1.937714799,4.1,3.928
3.8,3.592839856,4.1,3.814
3,2.006309716,3.1,2.971
0,1.784143457,0,0
4.7,3.529791424,4.6,4.56
3,2.414092602,3,2.982
2.6,2.264404702,2.8,3.242
2.4,1.784895012,3.3,3.143
4,3.802085642,3.3,3.652
3.1,2.384965527,3.2,3
0,1.808330533,0,0
3.6,1.798314907,3.1,3.503
2.8,3.17605218,3.1,2.907
4,2.964049191,3.7,3.819
3.5,3.158626779,3.7,3.225
4.3,3.478091306,2.8,3.416
4.2,2.35235263,3.8,3.866
2.8,2.444970118,3.6,3.326
3.3,2.384963058,3.2,3.146
0,2.50604341,0,0
3.6,2.425347074,3.8,3.172
3.5,5.104740193,4.2,4.212
3.5,4.375386423,2.5,3.74
3.5,3.283664082,2.7,3.029
4.6,3.251765279,3.8,3.749
2.8,2.448741738,2.3,3.298
3.1,1.766204578,2.9,3.018
3.5,2.687701116,3.2,3.024
2.2,3.143831108,3.9,3.43
3.6,2.504287297,3.4,3.412
0,1.899769711,0,0
3.3,3.817893126,3.5,3.635
4.5,6.450813299,4.3,4.204
4.2,3.137237791,3.5,3.597
3,1.673987691,2.9,2.956
3.4,2.148979177,3.5,3.26
3,1.78667827,2.9,2.931
3.7,2.617910752,3.6,3.657
3.9,2.929387589,4,3.81
4.1,4.699815792,3.7,3.904
3.6,3.517573091,2.8,3.597
0,1.751180216,0,0
0,1.68920107,0,0
3.4,1.787568561,3.3,3.393
2.7,3.247986041,3.2,3.252
3.8,3.398285417,3.5,3.816
3.3,3.143906599,3.8,3.38
0,1.730692259,0,0
2.9,2.018813993,2.9,2.972
3,1.810198397,3,2.98
3,2.633695365,2.9,2.945
3.8,1.788087797,3.5,3.216
4.8,2.910453964,4,4.335
4.2,3.406283841,3.5,3.719
3.8,2.787888354,3.7,3.823
3.4,1.709886781,3.6,3.409
2.7,1.771779417,3.3,3.113
3.3,2.381597246,3.3,3.134
3.5,3.67246832,3.6,3.695
0,1.779012801,0,0
4,3.851953284,3.9,3.486
3.2,2.027960359,2.8,2.91
0,1.751320986,0,0
0,1.795958015,0,0
3.8,3.427719828,3.6,3.693
4,2.915430096,3.9,3.797
2.8,1.875231067,2.3,3.006
2.8,3.557324029,4.3,3.318
3.1,2.881719418,3.1,3.07
4,3.265253625,4,4.277
3.7,3.058356134,3.8,3.673
0,1.769380167,0,0
0,1.780861055,0,0
2.8,2.677460668,3,3.019
4.4,3.718103832,4.6,4.344
3,1.969062181,3,3.016
3.1,2.512784903,3.7,3.004
3.2,3.652848212,4.1,3.793
0,2.626234129,0,0
3.4,2.437209845,3.5,3.423
2.6,3.267289745,3.6,3.235
2.8,1.862899512,3,2.983
3.1,1.885272805,3.1,2.984
3.5,1.814815746,3.4,3.241
0,2.676737978,0,0
4.7,4.938294624,3.6,4.075
3.2,1.751575205,3.8,3.043
4.3,8.301582811,4.7,4.383
3.1,1.870317596,2.9,2.956
0,1.732230591,0,0
3.2,1.74467638,2.9,3.056
0,1.810279737,0,0
2.5,2.560393207,3,2.703
4.3,2.812011496,4.3,4.28
4.4,2.510645735,3.4,3.653
0,1.907679247,0,0
3.2,1.926705563,3.1,3.145
0,1.732283822,0,0
2.8,1.776233045,3.6,3.614
3.6,3.14755544,3.7,3.382
2.8,2.647201965,3,3.021
3,1.831491921,3,3.006
3.9,3.232981361,3.8,3.335
4.1,3.98600651,4.1,3.789
2.9,1.909991615,3,3.028
0,2.075639295,0,0
0,1.829449145,0,0
3.7,3.934019166,3.7,3.991
0,1.908707862,0,0
4,3.624159256,4,4.338
2.8,1.817422267,3.2,3.017
3.9,4.426249254,3.5,3.956
0,1.783505195,0,0
2.6,2.077047723,3.8,3.474
3.6,3.05643331,3.7,4.029
4.1,3.458202516,3.6,4.176
3.6,2.581290795,2.4,3.177
3.1,3.074264347,3.2,2.961
3.9,2.819627783,4.1,4.174
3.8,3.214338825,4.9,4.284
4.4,2.766810977,4.3,4.172
3.1,2.716660699,2.5,3.047
3.7,3.769700938,3.1,3.273
3.5,2.614703243,3.3,3.456
2.7,1.799930395,3.6,3.29
4.1,4.260949566,4.2,4.304
3.4,1.900573849,3.3,3.179
3,1.766290409,3,2.889
2.9,1.757670196,3,2.974
2.6,1.953152382,3.5,3.115
2.7,3.255032945,3.6,3.281
3,1.920686758,3.1,2.966
4.6,3.358789417,4.3,4.369
3.6,3.459654812,4.3,3.625
3.8,1.84616511,3.6,3.291
2.8,2.559860748,2.7,3.19
3.6,3.886186367,3.9,3.515
4.3,3.630414243,4.4,4.329
3.1,1.803636318,3.2,2.95
3.5,3.266255928,3.5,3.58
3.6,2.546586955,3.7,3.848
3.4,2.590568969,3.1,3.151
3.8,1.756206999,3.1,3.331
3.5,2.476996489,3.8,3.477
0,1.775347802,0,0
2.8,2.665417163,2.9,3.109
4.5,3.634826427,4.7,4.351
0,1.805481125,0,0
2.8,2.142440262,3.1,2.971
3.9,2.018601406,3.5,3.822
3,1.934995898,3.1,3.047
3.9,4.007064683,3.5,3.651
0,2.344364519,0,0
0,1.936811025,0,0
2.4,3.29476907,2.5,2.887
3.1,1.93434707,3.2,3.029
4,3.66716846,4,4.332
3.7,3.462771956,3.5,3.644
3,2.875984012,2.9,2.935
0,1.902501486,0,0
2.7,1.690160457,3.2,3.051
4.3,2.71294825,3.7,3.423
3.5,2.397261001,2.8,2.913
2.7,2.53366236,3,2.965
3.8,3.1893186,2.5,3.14
3.2,2.425126281,2.8,3.061
3.1,3.108268543,2.7,2.793
0,2.522875832,0,0
3.6,1.843600381,3.8,3.552
3.2,2.537805243,3.3,2.992
4.2,3.942670402,4.3,4.214
4.1,3.451781661,3.6,3.63
3.2,2.366140959,2.5,3.051
3.2,3.548116446,2.8,3.187
3.4,2.565804126,2.6,3.193
3.1,3.176023707,3.1,2.915
2.6,1.774333104,3.4,3.275
0,1.838997391,0,0
0,1.773360172,0,0
3.5,2.075233982,3.7,3.429
3.1,2.380300375,3.2,3.124
3.3,2.432264945,3.1,3.111
2.7,3.355579568,3.1,3.022
3,1.73880018,2.8,3.001
2.9,3.318513319,2.7,2.902
0,1.768321351,0,0
3.6,4.104730825,3.9,3.82
3.3,2.177603911,3.4,3.083
3.2,1.923071444,3.6,3.268
3,2.386758926,3.1,2.987
0,2.401372312,0,0
3.5,3.145276443,3.4,3.119
3.3,1.74578301,2.8,3.29
3.2,3.545841152,2.6,3.316
3.7,4.555851856,3.8,3.909
2.8,3.779577142,3.1,3.467
0,2.393185784,0,0
3.4,3.835751946,3.9,3.645
0,1.906801934,0,0
3,2.663197499,3,2.959
2.8,1.900750429,3,3.032
3.8,2.789195311,3.8,3.738
0,2.000951297,0,0
3,3.141749743,3.4,3.529
4.2,2.429084653,4.1,3.868
3,3.068103321,3.9,3.42
3.1,2.453951336,2.9,3.07
0,2.014875307,0,0
3.5,3.316843812,2.3,3.281
0,2.435062889,0,0
3.1,2.533371943,3.4,3.1
3.6,2.635080009,3.4,3.6
3.8,3.323854627,3.7,3.617
3.5,3.769117691,4.2,3.694
3.6,3.673669152,3.3,3.197
3.5,3.149028755,4.1,3.539
2.2,3.485809164,3.3,2.972
2.7,3.389713395,2.6,2.905
3.5,3.394516703,3.6,3.15
3.1,1.934891676,2.9,2.917
2.9,1.776581794,3.3,3.123
3.3,2.43576085,2.5,2.911
4,3.573633163,4.4,4.032
0,2.435559541,0,0
3.2,3.298586073,4.1,3.201
3,1.801440897,3.1,3.208
0,1.898539624,0,0
0,1.976110617,0,0
2.7,3.669149772,4.2,3.396
3.2,1.807076858,3.5,3.204
0,1.733337181,0,0
3.3,2.401932516,3.5,3.397
0,1.831879789,0,0
3.7,3.241610197,3.9,3.638
3,2.661525619,2.9,2.908
0,1.760430003,0,0
3.5,2.803511044,4.1,3.753
2.9,1.794425473,3,2.943
3.8,2.069984839,3.5,3.453
4.2,3.689804572,3.9,3.703
3.8,2.575016319,2.5,3.247
4.3,3.742384709,4.8,4.603
4.6,3.387382339,3.7,4.15
3.6,2.297572356,4.1,3.246
4.3,4.524716153,4.4,4.122
2.8,2.460912923,3,3.113
3.9,3.222609719,4.2,3.669
2.9,2.338608988,3.1,2.929
3.8,3.303850004,3.7,3.906
3.4,1.919063809,3.4,3.32
3.6,2.57839898,3.2,3.36
3.4,3.092083368,3.7,3.634
4.1,3.349588738,3.7,3.688
3.3,2.228915806,3.4,3.22
0,1.746406503,0,0
3.8,4.4468714,3.9,3.886
2.8,3.976904533,2.4,3.475
0,2.570187292,0,0
4.4,3.687231222,3.6,4.175
4,3.303056173,4.1,3.849
2.4,2.363718943,2.8,2.87
4.3,2.818528172,3.6,4.134
3.7,3.644285989,3.8,3.836
4.3,2.424816978,3.7,3.721
3.8,1.187632926,4.2,3.913
2.7,2.796997982,3.6,3.565
3.5,3.051740427,3.5,3.86
2.9,2.420001599,2.6,2.909
4.1,3.288898589,4.1,3.967
4.5,7.364831728,3.5,4.434
3.1,1.738125803,2.9,2.937
2.7,1.886057324,3.1,3.043
2.6,3.046848206,3.4,2.994
4.9,3.789687097,4.6,4.599
2.9,1.771302171,2.9,2.921
0,1.918507976,0,0
3,2.521097204,2.9,2.963
0,1.723886617,0,0
3.5,3.242112295,3.6,3.59
4.4,5.240001341,4.9,4.667
3.7,3.459545143,3.9,3.785
0,1.774563408,0,0
3.3,3.364581092,3.4,2.97
3,1.777146979,2.9,2.971
0,1.932242556,0,0
3.8,4.237325159,3.8,3.832
2.8,1.86734057,3.1,3.015
3,2.57795898,3.5,3.343
2.8,3.326347413,3.3,3.441
3.7,3.462869621,3.4,3.589
0,2.581690943,0,0
3.6,1.797323744,2.4,3.021
4.4,4.244651576,4.2,4.13
0,1.896499834,0,0
3.3,2.556939115,3.5,3.349
3.7,2.972254073,3.7,3.735
3.6,3.252277895,2.8,3.039
3.9,3.226650303,4.1,4.011
3.6,3.327319031,3.4,3.334
3.4,3.171104687,3.2,3.078
3.7,3.727626715,3.8,3.718
2.8,1.765295108,3,2.868
0,1.726385909,0,0
3.9,5.026866403,4.3,4.186
3.8,2.537057521,3.5,3.446
2.7,3.325843296,3.1,2.998
0,2.66506687,0,0
0,2.006280454,0,0
3.9,3.57746371,3.6,3.801
3.8,2.823077888,3.6,3.657
3.4,3.023979985,3.1,3.088
0,1.791646685,0,0
4.8,3.051397563,4.3,4.261
3.9,2.641611807,3.7,3.799
3.9,3.268883482,3.5,3.871
3.8,1.114394774,3.8,3.803
3.7,1.957351539,3.3,3.497
3.5,3.335460623,2.5,3.147
0,1.851924265,0,0
0,2.615651215,0,0
3.4,3.281127476,3.9,3.883
0,1.771453418,0,0
3.7,3.128731143,3.4,3.706
3.1,2.502301096,3.1,3.092
3.1,2.482625478,2.7,2.963
0,1.787305489,0,0
3.2,1.751622526,3.2,3.049
3.9,2.73491722,4.5,4.013
3.7,3.777467194,3.8,3.507
0,1.776308703,0,0
4.9,2.041430582,3.3,3.735
3.7,2.09884167,3.6,3.588
0,1.890720413,0,0
3.4,2.565550727,3.5,3.222
3.8,3.682094534,3.4,3.32
3.1,3.277985525,3.1,2.984
3.9,3.094405781,4.3,3.572
3.5,2.498443593,3.7,3.127
4.1,3.297575363,4.6,3.953
0,1.753293194,0,0
2,3.521841579,2.5,3.355
0,1.901947327,0,0
3.1,3.215328022,3.8,3.496
3.7,3.65260923,3.3,3.427
0,1.739414095,0,0
0,2.40228402,0,0
4.4,2.774503626,4.1,4.359
0,1.772560369,0,0
3.1,1.985625223,2.7,2.878
0,1.789119171,0,0
3.7,1.87657445,4.3,3.983
4,3.408154333,3.8,3.628
0,1.892042764,0,0
2.9,3.091800932,3.5,3.64
3.5,2.58596514,3.5,3.383
2.6,1.7909938,2.3,3.007
0,1.882364989,0,0
3.5,2.628128501,3.7,3.352
3.4,3.294674082,3.5,3.104
0,1.787302196,0,0
3.5,2.500604209,3.8,3.636
0,1.721171201,0,0
2.7,2.594596864,3.4,3.197
3.4,3.159246458,3.1,3.712
3.3,2.206524208,3.5,3.407
2.7,2.406076389,3.3,3.151
3.5,1.782576371,3.3,3.221
3.4,1.907066261,3.4,3.264
0,1.781976091,0,0
0,2.051492543,0,0
0,1.631171804,0,0
0,1.833547931,0,0
4.3,5.195816401,3.7,4.186
4.1,3.501322065,3.8,3.576
0,1.846429899,0,0
3.7,1.756917289,3.7,3.15
3.4,2.683447491,3.3,3.119
3.8,1.813110379,3.7,3.265
3.5,3.379262299,2.7,3.147
4.3,2.65737828,3.9,3.805
3.6,3.389137628,3.6,3.601
0,1.789089591,0,0
0,1.683305024,0,0
2.8,1.796152685,3,2.987
0,1.890109229,0,0
3.8,3.312690737,3.8,3.907
3.6,3.241384649,3.7,3.567
3.9,1.988706077,2.6,3.517
0,2.455273419,0,0
3,1.817916184,3.8,3.615
3.2,1.87865887,2.3,3.29
3.7,3.932512226,4.4,4.226
3.3,2.541146262,3.1,3.007
3,1.781387455,2.8,2.881
2.7,3.333163293,2.3,3.086
3.6,3.203406336,2.7,3.106
4.4,4.49698731,4.4,4.5
2.9,1.780347818,2.8,3.058
0,1.764093182,0,0
3.8,3.311217258,2.6,3.171
0,2.573143745,0,0
4.1,3.889170769,3.8,3.63
3.1,3.165362174,3.4,3.096
3.6,1.82911583,3,3.294
4.1,5.226960181,3.7,4.007
3.3,4.02020444,3.4,3.611
3.6,2.593075807,3.8,3.396
0,1.930351372,0,0
3.6,1.832865964,3.7,3.253
3.6,3.680126238,3.6,3.809
3.7,3.857784716,4.3,4.27
0,1.922890866,0,0
3.4,3.210153483,3.5,3.509
3.6,3.24280854,3.7,3.551
0,1.777822182,0,0
3.2,1.870128283,3.1,3.136
2.6,3.171016041,3.4,3.064
3.5,3.494232864,3.3,3.482
0,1.678276157,0,0
3.8,3.013602557,4,3.664
0,1.772316869,0,0
3.9,2.730533109,3.8,3.425
4.4,3.65140111,4.4,4.395
2.9,1.908434096,2.8,2.935
2.8,2.678571822,3,2.946
4.3,2.439709145,4.5,4.028
3.6,3.529268969,3.5,3.682
2.9,2.431298991,2.7,3.044
0,1.727305312,0,0
4.1,3.154946359,3.5,3.536
3.7,1.937765219,3.5,3.508
3.1,3.826238482,3.7,3.577
0,1.785129256,0,0
4.6,3.002204229,3.8,4.278
3,3.838352183,2.9,3.284
3.3,2.038216374,3.2,3.004
3.3,1.786692633,2.7,3.261
3.4,3.079561891,2.5,2.917
4.5,3.678220505,4.3,4.177
0,1.728304569,0,0
0,1.838471836,0,0
2.7,1.871343466,3.2,2.942
2.6,3.732112394,3.4,3.193
2.6,2.429243099,3.5,3.222
4.3,3.909111547,4.3,4.436
2.8,1.767995557,2.9,3.088
0,1.787783174,0,0
3.3,2.400929298,3.1,3.174
3.5,2.473227342,3.3,3.014
3.8,2.465199533,3.9,3.868
3.1,3.053959888,3.2,3.084
3,1.803306621,2.8,3.07
3.7,1.828521298,3.7,3.793
4.2,3.468712638,4.1,3.702
4.5,3.787486792,4.3,4.343
3.7,2.835009119,3.8,3.37
0,1.918436628,0,0
0,1.722013866,0,0
2.8,3.213270762,3.2,2.842
0,1.77688705,0,0
3.5,3.678612602,3.7,3.42
3,1.866458243,3.1,3.012
3.8,3.223516269,2.7,3.085
2.8,4.315035121,3.3,2.98
2.3,3.299091032,2.7,2.998
3.3,2.581605334,4.1,3.365
0,1.759509247,0,0
3.5,3.047622331,3.4,3.186
3,2.565505015,3.3,3.065
0,1.777425145,0,0
2.8,2.409838605,3.1,2.844
3.7,3.750161245,3.5,3.63
0,1.903476793,0,0
2.4,3.209736758,2.2,2.918
3.8,2.653522579,3.9,3.85
3.3,1.825798722,3.7,3.212
0,1.772063844,0,0
4.3,2.531226207,3.8,4.175
2.4,5.004622921,4.3,4.111
3.8,3.167585252,3.5,3.392
0,1.738872565,0,0
3.5,3.344116663,3.5,3.384
3.6,1.859833432,3.6,3.493
2.9,3.150013886,3.3,3.151
3.7,2.907966172,4.5,4.116
3.3,1.796948074,3.5,3.351
0,2.412155834,0,0
0,2.386046713,0,0
0,3.291723148,0,0
2.7,2.584157919,3.4,3.33
3.9,4.030714005,4.3,4.09
4.5,4.657871623,3.7,4.333
0,1.989364142,0,0
2.9,2.574845794,3.1,2.966
4,3.558407136,4.1,4.071
3.6,2.450201866,3.3,3.386
0,1.847802183,0,0
0,3.038754944,0,0
2.9,2.555752526,3,2.961
0,1.743963046,0,0
3.6,3.249006253,4.1,3.448
3.8,2.043086171,4,3.866
4.5,2.406377112,4,4.252
0,1.938488208,0,0
4,4.432746306,4.3,3.972
2.9,1.733015476,2.8,3.009
3.9,3.702711842,4.3,4.175
3.1,3.46387395,3.8,3.182
4.2,2.720911167,4.1,4.087
3,1.759034626,3.2,3.051
3.5,1.950400879,2.3,3.028
3.6,2.028247358,3.1,3.195
2.9,2.339425874,2.7,3.058
3.2,1.898396278,3.2,3.006
0,1.713706404,0,0
0,1.768241483,0,0
3.9,3.406450485,4.1,3.718
3.8,2.559995829,3.6,3.553
4.3,4.167762215,4,4.098
4.1,3.854449908,4.1,4.335
0,2.688246227,0,0
4.1,2.216211004,4.5,4.09
0,2.66243941,0,0
3.5,3.328291221,4,3.547
3.1,2.072184123,3.2,3.054
0,1.901575403,0,0
0,1.795481666,0,0
4.2,3.533133424,4.4,4.079
3.1,3.181864651,3.2,3.227
3.1,3.267277829,3.7,3.424
4.2,2.459781411,3.3,3.863
4.4,3.705753945,4,3.805
3.2,1.77074093,3.2,3.028
4.2,3.267514554,4.7,4.523
0,1.908126622,0,0
3.7,2.719476197,3.9,3.865
3.2,1.815116824,3.6,3.376
0,2.065131447,0,0
4,2.459290876,4,3.398
2.8,2.451839682,3.4,3.152
2.4,3.071063605,2.5,2.983
0,3.135537501,0,0
3,1.746570488,3,2.984
3.6,2.681094517,3.6,3.759
0,2.454251133,0,0
2.5,2.956859995,3.8,3.422
3.1,2.564407385,2.9,2.888
3.3,1.886706462,2.7,2.949
2.9,1.757204973,2.7,3.003
2.4,3.65631776,3.8,3.519
3,1.961673504,2.9,3.129
0,1.789054523,0,0
0,2.495768674,0,0
3.4,2.496168129,3.7,3.552
0,1.901247048,0,0
3,1.696030878,2.4,3.237
4.6,1.792019872,3.6,3.875
0,1.794836888,0,0
4.4,3.646536143,4.4,4.344
3.7,4.268038722,3.5,3.76
0,3.159557523,0,0
0,1.881248336,0,0
3.1,2.443149289,2.7,3
0,1.800457248,0,0
3.2,2.634418277,2.7,3.141
3.2,2.590448248,3.5,3.405
0,1.932665697,0,0
2.4,3.4495027,3.5,3.196
3,1.904865328,2.9,2.911
3.1,3.328044655,3.3,3.322
0,1.788930158,0,0
3.5,2.529460398,3.4,3.669
3,2.382962747,2.9,2.962
3.2,2.391924704,3,3.119
2.9,2.424145202,3.4,3.042
3.2,1.710897467,3.4,3.242
3.8,3.324426374,3.3,3.73
4.1,4.222519182,3.5,4.25
3.7,3.684533824,4,3.746
0,1.868446198,0,0
0,1.761759894,0,0
4.3,2.899011753,4.2,4.22
2.7,3.998855964,3.3,3.757
3.9,4.030682526,4,4.247
3.2,1.949561611,2.9,3.28
0,1.831780132,0,0
4.4,2.456585631,4.5,4.317
3.6,2.619346773,3.7,3.358
4.5,3.878412045,4.1,4.462
3.6,1.922211137,3.1,2.98
4.3,4.106684149,4.6,4.324
3.5,2.552613817,2.6,3.169
4.2,3.549912694,3.9,4.168
3.3,3.340191794,4,3.464
0,2.550795196,0,0
3.5,2.456473244,3.8,3.43
4.1,4.702683005,3.9,4.138
0,2.824023799,0,0
3.5,1.807667962,2.8,3.212
3.1,2.154251521,2.7,3.047
0,1.891292842,0,0
2.5,3.904206367,3.6,3.476
3.4,2.537631613,3.7,3.356
3.4,3.347009625,3.5,3.342
0,1.927103026,0,0
3.1,2.986513434,2.6,3.633
0,2.392478018,0,0
0,2.575588197,0,0
4.3,2.542837815,4.1,4.091
0,2.295668489,0,0
3.3,2.668984016,2.6,3.005
3.8,2.757638686,3.2,3.684
3.3,2.490588643,3.5,3.145
0,2.035104862,0,0
3,3.086656511,3.7,3.433
3.1,2.995650098,3.3,3.06
3.6,2.033374802,3.7,3.693
4.1,2.327304556,3.5,4.058
3.1,1.88751823,2.7,3.003
2.6,2.46663294,3.1,2.981
0,1.93494194,0,0
2.8,3.042241813,2.8,3.095
0,1.805513745,0,0
3.2,1.780495049,3,2.904
0,2.346887968,0,0
4.1,2.782198572,4.4,3.833
3.3,1.9327309,3.3,3.189
4.3,3.883199233,3.5,3.797
2.5,3.135907003,4.2,3.727
3.6,1.98171415,3.3,3.596
3.3,4.100868661,3.4,3.506
3.1,2.500325045,3,3.042
0,1.911773772,0,0
3.2,2.428534105,3.2,2.975
3.1,1.886985399,2.9,2.984
3.9,3.207489599,4.7,3.906
3.5,2.454346064,3.5,3.47
3,2.520601002,3,2.929
3.6,3.365834874,3.8,3.653
0,1.916602801,0,0
3.5,1.743040488,3.7,3.23
0,1.809856574,0,0
3.6,3.064278364,2.2,3.171
0,1.922454731,0,0
0,1.967048764,0,0
0,1.803272041,0,0
2.8,3.166485502,3.4,3.467
0,1.643985668,0,0
3,1.767259059,2.8,2.943
3.9,3.599974691,4.1,4.018
0,1.734156156,0,0
3.7,3.758941682,3.8,3.474
2.6,2.69332746,3.2,3.03
2.8,2.387061856,2.5,3.064
3,4.434662417,3.5,3.87
3,2.570063324,2.5,3.028
3,1.787307315,3.2,3.096
0,2.362155918,0,0
2.9,2.015241023,3.2,2.971
3.5,2.448512969,3.3,3.415
0,1.693780676,0,0
4.9,3.48962465,4.6,4.605
4.1,5.02884618,3.7,3.986
3.4,3.271930964,4.3,3.623
0,1.820474015,0,0
3.4,2.630897993,3.4,3.21
0,1.772854984,0,0
3.3,2.03068409,2.8,2.957
0,1.747290164,0,0
3.8,3.222532038,4,3.441
3.8,2.500029645,3.5,3.693
4.3,3.318116478,4.1,4.026
0,1.804094325,0,0
3,2.395326738,3,2.946
2.9,1.729284526,2.9,2.939
3.9,2.94819075,4.1,3.746
3.8,2.414889393,3.6,3.303
2.9,1.73712141,3,3.036
0,1.701366864,0,0
0,1.758539109,0,0
0,1.737840695,0,0
4.2,4.522335985,4.3,4.002
2.9,1.794642852,3.5,3.265
3.3,1.790156115,3.2,3.274
3.2,3.083625769,2.7,2.835
2.7,3.140899075,3.1,2.775
3.6,2.422953592,4,3.342
3.8,1.909118586,4.4,3.749
3,1.929902499,2.8,2.913
2.9,1.919190027,2.8,2.907
3.3,2.275423436,3.2,3.166
2.6,3.078391173,3.9,3.098
3.4,2.458038457,3.7,3.702
0,1.698617116,0,0
3.1,1.773066662,2.9,2.935
3.1,1.866853336,2.6,2.939
0,1.696169667,0,0
3.4,3.293588421,4.5,4.1
4.2,4.354124796,4.5,4.447
2.4,1.907595566,3.1,3.159
0,1.767456172,0,0
2.6,3.119757727,4,3.274
3.5,1.712908505,3.3,3.127
3.5,3.37178398,4.2,3.49
3.5,3.737506844,4.2,3.789
4.6,4.751418333,4.1,4.064
3.9,4.526594844,3.6,3.961
4.4,3.261654941,4.1,3.705
2.8,3.044973152,3.4,3.418
0,1.906366179,0,0
2.9,2.528699123,3.3,3.161
3.9,2.436616272,3.7,3.781
3.1,1.740350963,3,2.984
0,1.884269984,0,0
3.6,3.198860967,3.1,3.229
2.7,1.890414937,3.3,3.057
3.1,2.458745237,2.7,3.151
0,2.424097708,0,0
0,2.02805767,0,0
2.7,3.182516086,3.7,3.124
3.3,1.798437346,2.8,3.174
4,3.324919865,4.5,3.885
3.7,2.484661465,3.2,3.326
3.1,3.073624023,3.2,3.029
0,1.72338229,0,0
2.7,3.324235393,3.1,3.002
4.9,4.588481254,4.9,4.589
3.1,2.56959807,3.7,3.423
3.9,4.413177055,3.6,3.758
3.8,3.24090245,3.6,3.209
3.3,2.454360651,3.2,3.442
3,1.758289942,3.1,2.943
3.9,4.7275175,3.9,3.981
4.9,4.483627974,4.9,4.778
0,1.765882738,0,0
2.9,3.568992371,4.3,3.449
0,1.847012846,0,0
2.4,2.634318224,4.1,3.404
4.7,4.243692225,4.2,4.448
3.8,4.370611254,4.3,4.132
0,2.138794449,0,0
4.5,5.036415836,4.4,4.469
0,1.774764271,0,0
3.6,3.99337921,2.5,3.219
0,1.822839058,0,0
3.9,2.603775545,3.5,3.371
0,1.680401441,0,0
3.2,2.015344611,2.6,2.903
3.4,2.706001763,3.5,3.438
3.4,3.40617258,3.5,3.386
3.1,1.95865096,3.1,3.07
2.5,2.441861097,3.2,3.223
3.7,2.883682946,3.5,3.898
3.1,1.855443778,3.1,3.006
3,2.061634723,3.1,2.941
4.6,3.584015856,4.2,4.24
3.6,3.688704756,4.5,4.312
3.4,3.909172616,4,3.848
3.3,1.811579903,3.9,3.436
0,1.79585428,0,0
0,1.773774388,0,0
0,2.694902699,0,0
3.1,2.532527539,3.2,3.028
0,1.758090057,0,0
0,1.769512516,0,0
3.5,2.691909089,2.8,3.514
3.4,3.672302558,2.7,3.332
0,2.934893255,0,0
3.1,1.689070313,3.1,3.022
3.1,3.459608265,4.2,3.547
4.6,5.596780276,4.6,4.538
3.2,2.576466881,3.6,3.274
2.8,3.336366274,2.7,3.54
4.8,3.731131556,4.1,4.262
4.5,3.665384554,4.5,4.354
2.5,1.880866518,3.7,3.413
0,1.796400247,0,0
3.4,1.944677412,2.8,3.193
3.2,1.871167907,2.8,3.028
3.2,2.104067579,3,2.938
3.9,2.569700575,3.6,3.649
4.5,4.045724274,4.7,4.282
3.6,3.29880529,3.6,3.265
2.6,2.141700046,3.7,3.216
3.9,3.37762959,3.8,3.804
3.7,3.913461219,3.5,3.837
0,1.875089038,0,0
3.3,3.199101017,2.7,3.101
3.6,3.242567879,4.3,3.753
3.1,1.746278372,3.1,2.99
3,1.746694431,2.9,3.046
0,2.465718977,0,0
0,1.9095014,0,0
3.1,2.946782742,2.9,2.945
3.6,3.125593634,4.4,3.775
3.3,3.626781761,3.5,3.626
3.1,2.459405006,3.2,3.094
3.4,1.784419625,3.1,3.052
3.5,3.247535152,3.3,3.58
0,3.145574645,0,0
0,1.777836857,0,0
0,1.770695738,0,0
2.5,3.857432817,3.5,3.085
0,1.760568058,0,0
3.2,1.750567145,3.3,3.035
0,1.860655656,0,0
2.4,2.584499607,3.8,3.358
3.1,2.678437869,2.9,3.175
3.2,3.691155347,3.2,3.313
3.4,3.028162199,3.3,3.74
3.3,2.592649684,3.4,3.304
2.8,2.391942342,3,2.88
3.2,3.285177057,3.3,3.118
3.8,2.434581818,3.8,3.62
3.6,1.862856504,4,3.969
3.2,1.804668167,3.9,3.238
3.3,3.110867017,3.2,3.091
0,1.73690825,0,0
4.1,4.340788866,4,3.92
4.3,3.257490203,4,3.495
0,3.192209674,0,0
3.1,1.947186362,3.1,2.939
3.3,2.419457818,3.2,3.057
3.2,3.178903005,3.6,3.157
0,1.900075074,0,0
3.4,3.172965863,4,3.818
0,1.756215772,0,0
2.2,2.691273919,3.6,3.358
0,1.78194754,0,0
0,1.764559658,0,0
3.2,2.012603682,3.2,3.043
4,3.231132103,4.1,4.004
3.6,3.604482234,3.8,3.717
3.4,3.170399308,3.4,3.174
0,2.004381004,0,0
0,1.938982393,0,0
0,1.90977325,0,0
0,2.227517386,0,0
0,3.790982085,0,0
3.6,3.647711041,3.2,3.37
2.5,2.995717888,3.6,3.32
4.3,2.913953296,3.9,3.875
3.1,1.988890453,3.1,3.033
4,2.308180592,4,4.27
0,3.167242773,0,0
3.4,2.694820845,3.6,3.349
0,1.715343839,0,0
3.9,2.511060491,1.9,3.084
0,1.926690022,0,0
0,1.89351571,0,0
0,1.906617495,0,0
3.5,2.391720672,4.1,3.869
3.4,2.054396206,3.3,3.557
3.2,2.018176759,3.6,3.241
3.2,1.764093997,2.6,3.091
0,1.841774976,0,0
0,1.68464407,0,0
3.4,2.675619567,3.4,3.255
3.2,2.526069227,3.2,3.022
4.3,4.617315891,3.9,4.291
4.9,3.652568081,4.2,4.256
2.8,2.434569087,3.4,2.954
2.9,2.688824365,3,2.989
3.9,2.710924146,3.1,3.51
3.6,3.285308024,4.3,3.873
2.3,3.465290916,2.6,2.976
3.6,3.25686351,2.5,3.136
0,2.03529746,0,0
3.5,1.970961844,3.2,3.162
3.5,2.268194997,2.2,2.969
4.1,3.867198802,3.8,4.216
3.3,2.041999572,2.7,3.219
0,1.757885072,0,0
4.4,4.589626367,4.5,4.337
3.2,2.054180546,2.5,3.169
3.7,2.853234303,3.7,3.169
3.8,2.774756114,3.5,3.737
3.8,3.036567318,4.1,4.135
3.2,2.128340905,3.6,3.532
0,1.780717188,0,0
3.2,2.665073172,2.5,2.882
0,3.183126871,0,0
4.4,3.342982386,3.8,4.293
3,1.767582695,2.9,2.957
3.6,4.110035637,3.3,3.766
3.2,1.898118093,3.1,2.976
0,2.166423324,0,0
4.7,4.882919347,4.3,4.302
2.8,2.663584053,3.2,3.072
3.7,3.544079535,4,4.235
3.4,2.531858241,2.3,3.017
3.6,3.083439892,3.4,3.149
3.4,3.428943819,4.1,3.719
2.6,1.795442866,3.4,3.14
2.6,2.721899152,3.5,3.464
3.3,3.060552068,4,3.834
3.5,1.795947467,3.5,3.025
3.8,1.855567573,3.6,3.5
3.6,1.874603036,3.2,3.686
3.2,1.780543476,3.3,3.396
0,1.874196965,0,0
3.3,2.95768989,3.5,3.495
2.5,2.388941899,2.9,2.829
3.1,1.931303253,2.7,3.033
0,1.883032132,0,0
3.4,3.482038159,3.2,3.37
0,1.733693037,0,0
2.6,2.668855667,2.6,2.992
3,1.888619228,3.1,3.032
2.9,1.807928285,3.3,3.119
2.6,2.402489747,3.4,3.279
3,2.417504633,2.6,2.829
3.3,1.732819218,3.3,3.074
3,1.748864275,3,3.005
3,1.992651019,2.9,2.98
4.8,3.780400965,4.3,4.158
3.1,1.787663191,3,2.971
3.1,2.449710448,2.8,2.931
3.4,3.252918362,4,4.312
3.8,4.711768336,3.8,3.72
3.7,2.714798441,3.6,3.522
4.6,2.592014656,3.9,4.088
2.7,2.20884179,3,2.929
3.1,2.897167533,3,2.962
3.4,3.184557883,3.6,3.023
0,1.912054402,0,0
3.5,2.067280163,3,3.47
3.5,3.126148309,3.5,3.641
4,3.410030995,4.3,4.116
3.6,3.256866589,2.5,3.105
3,3.175032828,3,2.957
4.2,4.207200688,4.2,4.12
3.1,3.294229059,3.2,3.135
2.5,2.974133271,2.4,3.169
0,3.153576077,0,0
3.3,2.590060402,3.6,3.453
0,2.029806551,0,0
3.6,3.264222499,4,3.612
0,1.743002129,0,0
4.7,5.674843953,4.7,4.518
0,1.769526864,0,0
0,1.899099125,0,0
3.3,2.456244287,2.7,3.006
3.5,1.787523217,3.5,3.199
3.7,3.645472151,3.4,3.707
3.3,2.946856491,3.4,3.013
3.4,2.786761745,3.5,3.564
3.6,3.299241528,2.1,3.332
3.2,1.806095276,2.8,3.003
4.2,3.883595411,4,3.901
3.7,1.982145128,3.6,3.464
0,1.908911253,0,0
3.7,3.397038105,4.1,3.447
3.8,1.918979678,3.8,3.896
0,1.876493253,0,0
0,1.796573235,0,0
3.4,3.292311455,3.3,3.18
3.4,3.196082358,2.7,3.035
3.2,3.554635434,3.4,3.108
2.8,2.349426126,3.5,3.289
4.2,3.321791184,3.7,3.624
3.1,3.003447141,2.8,2.926
4.4,3.774120654,3.9,4.367
3.3,2.595014383,3.7,3.233
3,1.819080375,3.2,3.194
3.2,3.323009779,2.5,2.975
2.8,1.706900071,3.5,3.061
4,3.923580786,4.2,4.151
0,3.08397491,0,0
0,1.812600532,0,0
3.2,1.754198272,3.2,3.246
3.1,1.775391277,3,2.989
3.3,3.264009851,2.2,3.46
3.1,2.677203197,3.5,3.44
0,2.568055429,0,0
2.4,2.582318725,3.3,3.011
4,3.715003865,3.7,3.627
3.2,3.165138847,3.5,3.729
3.6,1.834463921,3.7,3.397
3.8,3.250373692,3.1,3.43
3.5,1.903178019,3.3,3.117
2.9,1.772947892,3.2,2.957
4,2.709635572,3.3,3.315
3.4,4.02351011,4.9,3.621
3.2,4.056694771,3.9,3.509
2.6,1.933465884,3.2,3.2
0,1.771405985,0,0
2.8,2.519886198,3.2,3
3.9,2.510685488,4.1,3.702
3.8,3.029992605,3.3,3.18
3.6,1.769997403,2.6,3.285
3.3,1.900191167,3.3,3.241
0,1.746377778,0,0
0,1.78803219,0,0
3.1,1.833184939,3.3,3.323
3,1.781285458,2.8,3.249
3.5,1.811080915,3.3,3.167
3.6,2.847648367,3.5,3.918
0,2.372980152,0,0
3.4,3.046489499,2.9,3.22
3.7,2.424356172,3.6,3.514
3.8,3.914969864,4.2,3.905
2.9,2.520663097,2.8,2.947
3.2,1.91896148,3.2,3.125
0,1.770566237,0,0
4.1,3.479671044,3.5,3.314
2.9,1.95868789,3,2.926
0,1.688557362,0,0
3.6,1.912770644,3.3,4.132
2.8,3.129109043,3.2,2.816
3.9,2.637074685,3.8,4.118
4.3,3.193829596,3.9,4.169
3.4,2.457542946,3.8,3.242
3.5,2.3989017,3.3,3.221
2.4,3.322818285,3.4,3.019
4.2,2.084992279,3.1,3.532
2.9,3.05910106,2.7,3.022
4.1,3.091756261,3.7,3.824
2.8,1.855026016,2.9,2.944
3.9,1.926065268,2.7,3.327
3.2,2.642675911,3.3,3.041
3.3,3.299489387,2.6,3.279
0,1.799626152,0,0
3.3,1.867417491,3.6,3.226
3.5,3.031515169,4,3.996
3.4,2.541715551,3.6,3.246
0,1.972739164,0,0
3.2,1.805363176,3.2,3.14
2.7,3.22210085,2.5,2.99
3.1,3.432577234,2.9,2.85
0,2.403776528,0,0
4.1,2.165263387,3.7,3.668
0,1.874335205,0,0
2.3,3.377812575,3.4,2.964
0,1.791380035,0,0
0,1.900882557,0,0
3.6,3.278395507,3.8,3.592
4,3.194798428,2.7,3.197
4.6,3.432795452,4.4,4.197
0,2.497152542,0,0
3.9,3.248083973,2.6,3.836
3.5,3.096476879,2.8,3.013
3.1,2.437446469,3.7,3.566
0,1.899957999,0,0
3.9,5.257963364,4.4,4.152
3.8,2.469882447,3.5,3.324
2.9,1.898350752,3.2,3.074
0,1.790945363,0,0
3.6,3.294802534,3.3,3.347
4.2,3.642327076,4.9,4.34
3.3,3.12300819,3.3,3.236
3.3,1.982351242,3.2,3.364
2.9,1.762109267,2.9,2.963
2.8,2.579099375,3.5,3.261
0,2.481124864,0,0
3.2,3.503836004,3.7,3.615
2.8,2.027594062,3.2,3.044
4.4,3.091406005,4.1,4.46
3.7,3.385630206,3.8,3.748
3.6,2.438913205,3.8,3.402
2.9,2.048959607,3.2,3.056
3.7,3.390311857,3.6,4.008
0,2.365219912,0,0
4,4.02204948,3.6,3.681
3.5,2.704658863,3.6,3.689
3.4,2.589904915,3.3,3.222
3.7,3.30935069,2.4,3.148
3.4,4.068162835,2.8,3.61
0,1.891445693,0,0
3.3,3.605032308,4,3.445
0,1.715334174,0,0
3.5,2.049207892,3.4,3.227
3.6,2.422619974,3,3.313
0,1.911664104,0,0
4.1,2.449966731,2.6,3.676
0,1.83297057,0,0
4.9,1.044210783,4.6,4.157
3.6,3.027857096,2.5,3.249
0,3.347060202,0,0
4,3.667999523,4.1,3.726
0,2.094639894,0,0
2.6,3.31190372,3.5,3.166
0,2.382672588,0,0
3.2,3.347218546,2.9,3.062
0,2.392683223,0,0
0,1.881284435,0,0
3.6,3.640901919,3.9,3.751
3.6,3.060141829,2.4,3.117
0,1.762975054,0,0
4.7,3.879521603,4.9,4.425
3.3,2.052786581,3.7,3.185
0,1.912593477,0,0
0,1.752520142,0,0
3.8,3.355744327,3.9,3.955
3.3,2.992081054,3.3,3.175
2.8,2.70561559,3,2.966
3,2.677901624,3,2.975
4.2,3.748298086,4,3.807
0,1.82207921,0,0
3.4,2.93458037,3.3,3.486
0,2.170796465,0,0
3.2,3.178395208,3.2,3.101
4.4,3.185308846,3.9,4.035
3.3,1.836967929,3.8,3.178
3.3,3.084000896,2.6,3.184
0,2.491467204,0,0
3.4,3.258655103,3.3,3.181
4,3.074138935,3.2,3.44
2.7,2.581844477,3.7,3.171
3.4,2.082053065,2.7,2.964
3.2,3.199594812,3.2,2.999
3.4,3.105972804,3.7,3.355
0,1.936924193,0,0
0,2.002738805,0,0
3.4,3.545457968,3.5,3.179
3.3,2.601851418,3.5,3.353
0,2.437584475,0,0
3.6,3.240091585,3.5,3.48
0,1.756853386,0,0
3.1,2.641973717,2.8,2.983
4.8,3.000363824,4.8,4.381
3.2,1.787421401,3,2.963
3.3,1.896160682,2.9,3.119
4.1,6.132161198,3.5,4.44
4.1,4.61744741,4,4.035
3.8,4.207766739,3.5,3.886
0,2.544303352,0,0
2.7,2.377619576,3.1,2.994
4,3.834271811,4.1,3.613
3.6,2.549905846,3,3.268
4,4.471846697,4.2,4.307
3,1.819881965,2.5,2.931
2.6,2.79691599,2.9,3.013
2.9,1.763572079,3,2.953
0,1.778513339,0,0
2.9,2.619248481,3.6,3.59
3.5,2.409393426,3.5,3.183
4.2,2.086060713,4.5,4.062
4.5,3.750549436,3.9,4.29
4.3,2.893531259,3.5,3.811
0,1.736279311,0,0
3.3,1.792233416,3.4,3.245
2.6,3.191826898,3.5,3.681
3.7,1.967886145,3.7,3.723
4.5,4.124969525,3.9,3.886
3.4,2.678566051,4.3,3.923
3.9,3.789796109,3.9,3.893
3.5,3.374015351,3.8,3.761
2.6,3.196509306,3,2.983
3,1.768023378,2.9,2.942
0,1.773596184,0,0
3.4,3.879648943,3.5,3.728
0,2.413894467,0,0
3.4,3.333971774,3.7,3.399
3,1.753697241,3.1,2.986
3,1.785941387,3,3.003
2.5,1.754938102,3.3,3.032
3.5,2.593001448,3.1,3.272
4.6,4.383630329,4.4,4.107
3.4,3.503521134,3.5,3.788
3.7,3.31879889,3.5,3.489
2.9,1.879802867,2.7,2.935
2.4,2.599308137,3.2,3.329
3.3,2.57058305,3.4,3.309
3.1,1.787944622,2.9,3.072
2.8,2.031553028,2.7,3.048
3.2,1.791057746,3.5,3.454
3.4,2.467394037,4.3,3.501
3.7,3.625151398,4.4,4.009
0,2.357966797,0,0
3.7,2.506099375,3.9,3.53
4.3,4.00914341,4.3,4.197
3.2,2.643552312,3.3,3.018
2.7,3.341911934,3.1,3.157
3.4,2.565464275,3.8,3.124
2.5,2.551858111,2.9,2.919
3.4,2.93103675,4,3.445
0,1.856954,0,0
3.5,1.956254886,3,3.193
3.7,2.789584228,2.7,3.822
3.5,2.54574122,3.3,3.23
2.3,3.39212814,3.3,3.294
3.2,1.826046818,3.3,3.358
3.4,2.444167511,2.9,3.068
3.8,4.056967615,3.7,3.741
3,1.790076556,3,3.037
3.9,3.234291793,3.4,3.597
4.2,3.100515322,3.2,4.151
4.1,4.243183857,4.7,4.476
3.1,2.03915873,3.4,3.009
4.4,3.187014393,3.8,3.785
3,3.134138197,2.7,3.001
2.9,1.795057083,3.1,3.014
0,1.707231577,0,0
0,1.906017508,0,0
3.9,3.963921216,3.7,3.92
3.1,2.477047465,2.9,3.004
3.4,1.980075583,3.6,3.216
0,2.003185531,0,0
3.6,1.999227629,3.5,3.491
3.1,3.146742717,3.4,3.134
3.9,2.022982484,2.5,3.721
3.8,4.10158251,4,3.923
3.2,3.299172503,2.7,3.197
4,4.142988059,3.7,3.699
0,1.860403717,0,0
2.5,2.539451903,3.8,3.581
0,1.748197859,0,0
3,3.217695065,3.4,3.245
3.4,2.559929579,3.5,3.196
4.2,3.436363339,3.7,3.987
3.4,3.196402962,3.3,3.305
3,1.880959933,3,3
3.7,3.056462498,3.4,3.587
3.7,3.359995123,3.6,3.684
3.4,2.643992449,2.6,3.06
3.2,2.511721409,3.4,3.089
3.8,3.8316093,3.6,4.149
3.5,2.429660566,2.7,3.156
3.6,1.826480403,3.3,3.311
0,1.75643667,0,0
3.6,3.745850243,3.4,3.774
4,1.874476975,4.4,3.954
2.9,1.884267253,3,2.983
3.3,2.830970095,2.9,3.177
3.4,3.213776981,3.2,3.254
4.6,4.01693652,4.6,4.645
0,1.81613033,0,0
3.6,2.61650559,3.2,3.304
3.6,3.138520638,3.4,3.379
3,2.0677899,3,2.962
0,1.963282523,0,0
2.9,1.709444525,3.1,2.969
3,2.842315899,3.2,2.959
4.1,4.887577341,4.1,4.097
0,2.078079433,0,0
2.6,1.818278803,3.2,3.222
3.7,2.933844947,4.4,3.583
0,3.343341,0,0
3.3,2.651952078,2.6,2.903
3.6,3.604822266,4,3.67
2.7,3.263130524,3.6,3.439
0,1.89477618,0,0
3,3.801402823,2.4,3.487
3.2,2.541717161,3.2,3.156
3.5,1.912859862,3.2,3.122
3.3,2.713539195,3.5,3.58
3.4,1.925798328,2.9,3.182
4.3,2.56481301,3.2,3.171
3.4,2.949608195,3.5,3.131
2.9,2.374203342,2.7,2.932
2.5,3.417340838,3.2,2.869
3.8,2.502719921,3.2,3.615
2.5,2.550219358,2.8,3.135
2.7,3.218079411,3.6,3.406
3.7,2.509813763,3.5,3.657
2.7,3.255682366,2.4,2.746
4.3,2.8975282,4,4.107
0,1.749682478,0,0
2.6,2.419512247,2.4,2.977
3,1.739967981,3,2.963
2.9,1.91331738,3,2.951
2.7,1.771871778,2.7,2.999
3.6,2.866993487,4,3.962
3.2,2.58388829,3.6,3.333
3.1,3.167055022,3.7,3.558
0,1.714955258,0,0
0,1.768461192,0,0
2.6,1.891385873,3.3,2.997
2.7,1.773474516,3.3,3.034
3.8,2.669787739,3.6,3.811
3.9,3.17030951,4.3,4.165
0,1.690950411,0,0
3.3,2.051090929,2.8,3.297
3.7,2.934864604,3.8,3.75
3.5,1.911657123,2.7,3.05
2.4,2.537013584,3.4,2.992
4.2,3.416278535,3.9,3.689
4.5,2.659477572,2.4,4.062
3.6,3.207944521,3.5,3.307
0,1.705421074,0,0
0,1.758282218,0,0
0,1.79592872,0,0
2.6,3.178786819,2.7,2.932
3.8,3.173979867,3,3.138
2.8,1.870681738,3.1,2.95
4.2,3.390423042,4,3.768
0,1.726423655,0,0
0,1.98268309,0,0
3,2.66691351,2.9,2.965
3.2,3.306879672,2.7,2.9
3.2,1.872106498,3,3.028
2.9,2.686639135,3,2.981
2.8,3.497178341,2.3,3.071
3.5,2.140923658,2.8,3.347
4.1,4.24395346,3.6,4.161
0,1.866678854,0,0
0,1.914299527,0,0
0,1.860695552,0,0
3.3,2.044019665,3.2,3.04
4,4.017080219,4,3.914
2.9,2.395867696,3.1,3.085
2.4,2.578440342,2.8,3.001
0,1.733014198,0,0
3.6,3.14655,3.6,3.309
3.2,2.714020011,3.2,3.173
0,2.389389091,0,0
2.7,3.231162155,2.2,3.25
3.3,2.431538881,3.4,3.451
4.2,2.817592491,4.2,4.046
4,2.994336479,3.9,3.875
3.1,1.897615301,2.9,3.019
4.2,3.649546279,4.6,4.331
0,2.011116723,0,0
3.4,1.813855799,2.8,3.074
3.5,3.107399007,3.1,3.106
4.5,3.733567664,4.3,4.183
4.1,2.522235464,4.1,3.387
3.3,2.402681636,2.4,2.999
3,1.91252663,2.6,3.141
3.1,2.025196095,3.1,3.07
3.9,3.592610496,4,4.098
3.5,3.185637516,3.5,3.153
2.6,2.42302392,3.4,3.064
3.6,1.795494361,3.4,3.407
0,2.662158808,0,0
3.2,1.80561599,3.2,3.139
4.1,2.877401681,3.2,3.748
0,1.906995771,0,0
4.1,3.8758338,3.9,4.107
3,1.965788563,2.9,2.962
3.4,1.994093035,2.5,3.207
0,1.793637708,0,0
2.7,2.196057321,2.5,2.972
4.3,2.805323648,4.2,4.178
0,1.901890284,0,0
4.8,4.444965114,4.5,4.246
3.7,2.474421208,2.8,3.361
4,2.606642996,3.5,3.418
4.2,2.495716959,3.8,3.966
0,3.204077151,0,0
3.3,1.795402202,3.2,3.243
3.3,2.42745016,3.8,3.501
3.4,3.275749912,2.3,2.884
4,3.568373061,4,4.07
3.2,2.944557949,3.2,3.196
3.2,1.902962021,3.5,3.07
2.9,2.568012571,3.3,3.002
3.2,2.41951248,3.6,3.235
0,2.659510762,0,0
0,1.746567056,0,0
3.7,3.88543601,2.7,3.57
3.6,3.16772361,3.3,3.386
3.5,1.917121236,3.8,3.604
3.3,3.162080136,3.4,3.258
3.7,1.824632437,3.4,3.439
3.8,3.945950713,4.1,3.992
0,1.735602938,0,0
3.4,1.795966166,3.7,3.194
2.8,3.54766862,4.1,3.32
3.5,3.269662334,3.9,3.481
0,2.179855759,0,0
0,1.87630254,0,0
0,2.602659866,0,0
3.6,3.309340547,3.9,3.786
0,1.890305337,0,0
3.6,3.711835558,4.6,3.831
2.9,1.935638569,2.7,2.93
3.3,2.853764789,3.1,3.145
0,1.80245736,0,0
3.2,3.209050659,3,2.946
0,1.794273019,0,0
3.7,3.110066236,3.4,3.033
3.3,2.560222261,2.7,3.175
4.9,3.006862372,4,4.344
3.4,3.187170287,2.8,3.097
3.4,1.772936232,3.3,3.128
4.1,3.630132994,4,4.114
3.2,3.743060808,2.7,3.232
4.1,3.753695078,4.9,4.35
4.1,2.696394484,3.8,3.85
0,1.783823308,0,0
3.6,4.231885044,3.7,3.848
3,1.788956679,3.2,2.935
0,2.314572747,0,0
3.1,1.678772193,3.1,3.167
2.8,2.668725517,2.3,3.225
0,1.75169779,0,0
3.1,2.662832091,3.4,2.969
2.9,2.532780129,3,2.931
4.1,3.226215573,4,4.02
3.4,3.484916929,2.8,3.15
3.8,2.668032657,3.4,3.092
4.5,2.556973768,3.9,4.143
3.3,1.817462423,3.2,3.239
0,1.914306785,0,0
0,1.856770025,0,0
4.6,2.532654274,4.8,4.427
3.7,3.199964972,3.5,3.804
2.9,1.905440929,3,2.977
0,1.765685221,0,0
3.8,2.066193572,3.5,3.606
2.8,2.834095994,3.4,3.233
3.9,4.017876933,3.5,3.63
4.1,3.103628006,4,4.066
4.4,2.342800115,4.3,4.281
0,1.915363285,0,0
3.4,3.550457305,3.7,3.391
4.1,3.460105257,4.1,4.106
3.7,2.09651687,4.7,3.961
3.5,3.656638867,3.5,3.248
0,1.809390624,0,0
3.3,2.649592744,3.2,2.807
2.9,3.361306175,3.4,3.524
3.4,2.692332613,3.2,3.28
3.6,2.918580776,3.4,3.422
2.5,3.165445164,2.9,2.896
0,1.619244246,0,0
3.5,2.586284131,3.3,3.577
0,2.662762303,0,0
3.3,2.717434292,3.7,3.499
3.2,1.773254203,3.3,3.033
4,3.085102314,3.3,3.498
3.4,3.17421739,3.3,3.609
3.2,1.880995865,2.5,2.831
4.2,2.35505072,4.2,3.796
2.8,2.566593276,2.7,2.924
3.2,2.5465649,3,3.015
3.7,3.404771816,4.4,4.055
0,2.408571834,0,0
2.9,1.794367567,2.8,2.979
3.5,3.225376608,3.5,3.353
0,1.914412868,0,0
3.9,3.703612312,4.3,4.002
4.1,3.120858264,4.2,4.116
3.9,3.296766696,3.8,3.506
3.4,2.036870981,3.1,3.173
2.9,2.506225911,2.9,2.967
3.4,2.787483234,3.5,3.581
4.9,3.615845941,4.5,4.469
3.8,3.972220576,4.3,4
0,1.755759794,0,0
3.6,3.109068591,3.7,3.342
0,1.750995729,0,0
3.4,3.179809409,3.2,2.987
0,1.796995497,0,0
3.3,3.631004694,3.7,3.739
3.4,3.56362776,4.4,4.166
4.1,3.755268544,3.1,3.371
0,2.664888478,0,0
0,1.75763796,0,0
0,2.415670785,0,0
3.1,1.921159555,3,2.958
3.7,4.024925045,3.7,3.556
3.4,1.954520876,4,3.476
3.9,3.204251199,2.3,3.186
4.3,4.713696316,3.8,4.021
3.1,2.03732806,2.8,2.938
3.1,2.952391909,2.7,3.055
0,1.888762353,0,0
3.7,3.494990957,4.1,3.84
3.9,3.200139414,2.7,3.076
3.8,4.151963997,4.4,4.111
0,1.908744826,0,0
2.9,1.811802116,2.9,3.006
0,1.8087703,0,0
3.8,3.344293399,2.5,3.259
3.6,2.526384738,3.4,3.453
3.5,1.774898672,3.2,3.35
3.7,3.462727141,4,3.668
3.2,2.464703987,4.3,3.284
2.8,2.560499803,3.1,3.078
2.8,1.906916115,3.1,3.012
0,1.925614658,0,0
3.3,2.658484207,3.1,3.196
4.6,5.505887684,4.2,4.388
3.2,1.778968075,3.2,3.197
4,2.065074269,3.4,3.465
0,2.027644392,0,0
0,1.891300336,0,0
3.3,1.761809717,3.1,3.101
3.5,2.652154278,3.8,3.845
3,2.04184433,3,2.917
4.3,3.468102039,4.5,4.208
0,1.827724219,0,0
2.9,1.725197712,2.9,2.936
3.6,3.521287319,3.6,3.651
4.1,3.027562021,3.7,4.27
0,1.788969687,0,0
4,3.706107504,2.5,3.71
0,1.872707927,0,0
2.5,2.999791248,2.5,3.053
0,1.789070893,0,0
4.2,3.107233367,4,4.114
3.3,3.20622838,3.5,3.26
3.1,1.94497821,2.6,3.025
4.1,1.838739599,3.8,3.449
3.7,2.591725479,4,3.707
3.8,2.595998314,3.4,3.379
2.7,2.455006482,2.8,3.017
3.4,1.752324591,3.4,3.025
3.7,6.47911531,4.3,3.965
0,2.400022134,0,0
3.7,1.804009194,3.7,3.672
3.9,4.66917242,4.6,4.15
3,1.907591143,3,2.91
3.3,3.515012339,4.1,3.405
0,2.629539937,0,0
3.2,2.057497246,3.1,3.065
4.3,4.069074082,4.6,4.483
0,1.800150498,0,0
3.2,1.79474503,2.6,3.042
0,1.777927589,0,0
2.7,1.779778276,2.3,3.038
3.9,3.538796721,4,3.872
0,1.788490592,0,0
4.2,3.476490548,3.9,4.018
4.2,1.938002635,3.8,3.711
3.5,2.461979566,3.4,3.658
3,1.996751745,2.9,2.933
0,1.862478373,0,0
3.9,3.376126779,3.4,3.375
2.9,2.450610228,3,2.979
4.1,3.505057611,4.4,4.097
2.9,1.81645335,3,2.941
4.9,4.218039191,4.3,4.054
3,2.652757319,2.9,2.924
3.4,3.54104222,3.7,3.713
0,1.726436697,0,0
3.5,2.454508905,3.3,3.332
3.4,3.197842017,3.3,3.44
3.1,2.340666365,2.9,3.023
2.9,3.298537253,3.1,2.808
0,3.132497264,0,0
3.5,3.82465032,3.7,3.169
3.9,4.813418822,3.5,3.86
3.4,4.065529565,3.5,3.694
0,2.426692093,0,0
4.7,2.872532447,4.2,4.269
0,1.772253692,0,0
4.4,3.447005723,3.4,3.603
3,2.600237288,3,2.924
0,1.774445335,0,0
3.8,3.563803809,3.5,3.978
3.7,2.016903051,3.7,4.043
3.4,3.161524589,2.5,3.369
2.8,1.768153463,3,2.996
0,1.780052783,0,0
3,1.915994672,2.9,2.944
3.2,2.98550673,3.2,3.293
4.2,3.002577172,2,3.482
3,1.773108353,2.6,2.915
3,1.784823243,3,2.965
3,1.770948474,3.1,2.991
0,1.787365443,0,0
3.2,3.087488105,3.6,3.519
2.9,1.807116951,3,2.967
2.7,2.62477078,2.9,2.852
3.7,3.960404917,3.9,3.808
0,1.996689226,0,0
2.6,1.959625528,3.4,3.332
0,1.875108947,0,0
3.1,3.0511871,3.5,3.125
2.7,2.561372157,3.1,3.22
0,1.926843722,0,0
4.4,3.928363722,4.6,4.484
3.8,5.082664056,3.7,3.905
4.1,5.550062693,3.7,3.879
0,1.875394101,0,0
2.9,3.238965498,2.9,3.254
3.3,1.922313452,2.6,3.066
3.4,1.945989559,3.3,3.384
0,1.910687919,0,0
2.7,1.916585818,3,3.015
3.6,1.972345295,3.7,3.666
3.7,2.39187248,4.4,3.817
3.3,2.702067657,3.6,3.511
4.9,1.960907113,4.4,4.16
2.6,3.481261632,3.3,3.121
3.2,2.431050542,2.8,3.101
3.8,4.234088525,4.4,3.936
3.9,3.953914472,3.9,4.13
4,3.623390767,3.6,4.082
3.8,2.64312304,2.9,2.955
3,1.863317922,3.1,3.049
3,1.749556114,3.7,3.332
3.2,1.799603424,3,2.995
4,4.345457888,4.2,3.799
3.7,2.49092581,3.3,3.736
2.9,1.966017712,3.3,3.026
3.2,3.633978862,3.6,3.332
3.3,3.892776864,3.2,3.186
0,1.926621332,0,0
3.7,2.612637442,3.3,3.163
3.7,3.812129956,3.4,3.43
4.1,3.124070576,3.6,3.433
4.3,3.606452724,3,3.345
0,1.757217969,0,0
3.2,1.890019434,3.3,3.152
3.4,3.329925335,3.3,3.182
3.6,1.810861941,3.2,3.658
2.4,3.615883992,3.2,3.032
3.7,3.477197808,3.9,3.768
3.7,3.330349252,3.9,3.946
4,3.29331187,4.3,4.114
0,2.026747477,0,0
2.6,3.720371354,3.9,3.608
4.9,3.168680296,4.2,4.122
0,2.38892612,0,0
4.5,4.562925252,4.8,4.298
2.9,1.702389687,3.1,2.967
3.1,1.817974456,3.3,3.134
2.9,1.861706983,2.8,2.943
3.8,3.490183881,4.1,4.156
2.8,1.755177566,2.9,2.934
3.6,3.355246222,3.2,3.217
0,1.729748373,0,0
3.9,2.239026526,3.7,3.594
2.9,2.449097134,3.5,3.122
0,1.915393871,0,0
3.4,2.752040585,3.8,3.774
3.7,3.911683664,3.9,3.717
4.4,3.138875896,4.7,4.24
3.2,3.54524152,2.4,3.095
3.8,1.904032093,3.9,3.694
3.4,3.23192273,2.7,2.919
0,1.83081733,0,0
2.9,1.904255966,3.1,3.133
0,2.589130105,0,0
3.6,1.84443985,2.3,3.442
3.3,2.686555366,3.5,3.252
4.5,4.46898778,3.3,3.988
3.9,2.84412337,3.7,3.757
2.7,2.07958067,2.8,2.98
4.1,2.975298042,3.9,3.786
0,2.430702657,0,0
3.4,3.331218191,4.1,3.812
3.1,3.552891672,3.1,3.046
3.5,4.860171168,4.5,3.851
3.8,4.429884258,3.5,3.845
4.3,4.762127808,3.7,4.124
3.6,3.997119522,3.8,3.739
2.4,3.32229857,4.2,4.017
3.7,3.520515662,4.3,3.832
3.2,1.761101231,2.8,2.988
2.8,1.95820629,3.2,3.224
2.9,2.53351174,3.5,3.405
3.2,2.093931175,3.1,3.105
3.5,1.918413613,3.5,3.457
2.9,1.792931026,2.9,2.986
2.8,2.753423056,3.2,3.203
4.2,3.314929065,3.9,4.048
0,1.913937579,0,0
2.9,2.076852488,3,2.971
2.9,1.996326902,2.9,2.923
4.2,3.3754943,2.5,3.698
0,1.784642885,0,0
2.6,2.430682975,2.7,3.104
3.1,2.534527592,2.5,3.425
3.9,4.285681655,4,4.12
2.8,1.782878368,3.3,3.135
4.4,3.788529679,3.9,3.762
0,1.98293281,0,0
0,2.51300668,0,0
4.2,3.914937046,3.6,4.003
4.1,2.689233611,4.2,3.996
3,2.86987797,2.9,2.948
4.2,4.043639992,3.9,3.918
0,1.803050722,0,0
4,3.860798801,2.4,3.811
3.8,2.563237901,3.9,4.027
0,1.759530291,0,0
4,3.205035594,4.3,4.247
3.7,3.084202711,3.8,3.871
3.9,2.941589751,3.8,3.789
3.2,2.514899882,3.1,3.116
4.5,3.54075922,4.2,3.912
4.1,1.930781382,4.4,3.431
0,1.743916188,0,0
0,1.781275255,0,0
3.9,2.568467764,3.9,4.006
3.4,4.031449457,3.5,3.46
3.8,3.92439071,3.5,3.765
0,1.74026385,0,0
3,1.810707017,3,2.958
3.2,2.555756821,3.2,3.118
0,1.688598711,0,0
0,1.883000005,0,0
3.2,3.305663826,2.4,2.946
3.2,1.879952554,2.7,2.923
3.3,2.529057583,3.5,3.17
0,1.756749042,0,0
0,1.786105154,0,0
2.9,1.893158333,2.9,2.928
2.7,3.695590111,2.6,3.7
4.1,3.372523928,3.6,3.874
4.2,3.7039696,4.1,4.066
3.5,1.786371537,2.9,3.004
3.6,3.389211708,3.4,3.665
0,1.90949845,0,0
0,1.742816506,0,0
2.2,3.752613765,2.4,2.909
3.9,3.517656707,3.9,3.831
0,1.846113203,0,0
3,2.378250218,3,2.981
3.6,2.533444903,3.4,3.179
0,1.714246655,0,0
3.6,1.759909676,3.6,3.181
3.1,2.394342461,3.4,3.24
0,1.797749627,0,0
3.3,2.630593852,3.8,4
4.1,4.959626599,3.9,4.057
3.2,2.064624161,3.5,3.05
3.4,2.464697317,2.9,3.121
2.9,1.940021113,3.6,3.507
3.7,3.075379013,4.2,3.834
2.9,1.881821777,2.9,2.954
3.2,3.357566857,3.5,3.765
2.9,2.51359464,3,2.961
3.6,3.122721992,3.2,3.425
4.4,3.855605429,4.2,4.302
3.3,4.229023517,3.9,3.867
4,3.309293409,4,4.139
2.9,1.71367246,2.9,2.926
4.1,4.236874851,4.7,4.416
2.9,2.439961639,3.5,2.922
2.7,2.382667332,3.2,3.013
3.4,2.873307775,4.1,3.53
2.9,2.400063893,3,2.984
3.8,3.615238915,3.1,3.416
3.9,4.251341378,4.2,4.071
4.2,4.47735339,3.9,4.159
0,2.468418776,0,0
4.6,3.515124653,4.4,4.057
4.4,3.320186085,4,4.09
2.8,1.761661679,2.8,2.922
3.1,2.493090329,2.5,3.199
0,1.777423324,0,0
0,1.789772583,0,0
4.2,3.080627679,2.6,3.407
4.1,1.983198437,4,3.918
2.6,2.529882816,2.6,3.204
2.7,2.047860843,3.5,3.134
3.7,3.290396915,3.3,3.399
4,2.586360921,3.1,3.736
3.4,3.445045494,4,3.69
3.6,2.710069826,3.5,3.717
3.8,3.210278473,2.2,3.313
3.3,3.40331326,3.7,3.852
3.8,2.75383151,4.6,3.708
2.8,2.519756591,3.3,2.982
4.2,3.280622095,3.3,3.704
0,3.298632429,0,0
0,1.885482871,0,0
3.8,2.74873549,3.7,3.965
2.2,2.572761844,3.2,3.266
3.1,3.359323859,2.7,2.945
3,1.877833061,3,2.931
3.5,3.69567117,3.5,3.246
3.8,3.481694368,4,4.145
3.7,2.593463386,3.9,3.488
2.9,2.16303055,2.9,2.972
3.6,3.245134044,3.4,3.538
3.1,2.02564904,3.1,2.998
3.3,1.931564263,3,3.255
3.1,1.775531767,3.2,2.999
0,1.665064156,0,0
3.2,2.030911804,3.1,3.011
3.6,2.537961714,3.4,3.238
2.9,1.893697435,2.9,2.93
2.7,1.759258851,3.3,3.061
3.7,2.897141452,3.7,4.042
3.3,2.975509876,3.3,3.546
3.5,3.200073625,3.8,3.55
3.2,2.026006351,3.3,3.079
3.3,2.533218549,3.6,4.017
3.3,1.772839614,3.4,3.147
3.4,1.706099365,2.5,3.464
3.5,2.051272545,3.8,3.552
2.8,1.787947625,3,2.884
4.3,4.917120842,3.9,4.139
3,1.865353067,3.2,3.006
0,1.773251821,0,0
3.3,2.534542062,2.7,3.234
0,1.911535798,0,0
3.6,2.696230657,3.4,3.697
0,2.012127798,0,0
3,1.92157436,3.3,3.082
3.1,1.747961169,3.1,2.991
3.6,2.777837041,3.7,3.534
4.4,4.275367362,4.3,4.382
3.5,2.626664303,3.4,3.439
3.1,3.168038487,2.6,2.992
0,1.94748828,0,0
3.2,2.478807165,3.2,3.358
3.4,3.062387311,3.7,3.422
3.4,3.414057353,3.3,3.263
3.2,2.889178841,2.7,3.375
3.3,1.958780868,4.1,3.375
2.9,2.472639019,3.3,3.096
3.7,3.125280621,3.9,3.796
4.6,3.842039592,4.2,4.271
3.4,3.565412745,4,3.879
4.1,3.672229656,4,3.892
0,2.387793852,0,0
0,1.814320827,0,0
0,1.786069147,0,0
0,2.458229689,0,0
0,1.835454363,0,0
3.4,1.914465117,3.5,2.993
3.8,3.92742604,4.3,3.933
2.9,1.702457024,2.7,2.973
2.6,2.662204259,2.7,3.083
0,1.74307878,0,0
3.1,2.554864426,3.1,3.026
4.2,3.079258938,3.9,4.274
4.3,4.046466695,3.6,4.235
